,permalink,isbn,genres
0,https://lccn.loc.gov/2016286975,1616206462,"['Autobiographies.', 'Biography.', 'Autobiographies.']"
1,https://lccn.loc.gov/2020005359,9780525536970,['Mystery fiction.']
2,https://lccn.loc.gov/2018019689,9781250087300,['Domestic fiction.']
3,https://lccn.loc.gov/2020053286,9780525539766,[]
4,https://lccn.loc.gov/2016016834,9781250090034,['Mystery fiction.']
5,https://lccn.loc.gov/2018052229,9780525656159,['Spy stories.']
6,https://lccn.loc.gov/2016019172,9781250057181,['Occult fiction.']
7,https://lccn.loc.gov/2016003804,9780385541404,['Love stories.']
8,https://lccn.loc.gov/2014017071,9780062225085,[]
9,https://lccn.loc.gov/2020022623,9780062955456,['Mystery fiction.']
10,https://lccn.loc.gov/2019038807,9781728215723,[]
11,https://lccn.loc.gov/2018058793,9780062914804,[]
12,https://lccn.loc.gov/2013497796,9780062259653,['Horror fiction.']
13,https://lccn.loc.gov/2017021224,9781250066190,['Mystery fiction.']
14,https://lccn.loc.gov/2016035898,9780062651259,"['Fantasy fiction.', 'Historical fiction.']"
15,https://lccn.loc.gov/2020042041,9781250249258,"['Suspense fiction.', 'Horror fiction.']"
16,https://lccn.loc.gov/2019036360,9781250219596,[]
17,https://lccn.loc.gov/2014029797,9780393245622,"['Black humor (Literature)', 'Satire.']"
18,https://lccn.loc.gov/2015300007,9780399167065,[]
19,https://lccn.loc.gov/2019043786,9781982134198,"['War stories.', 'Historical fiction.']"
20,https://lccn.loc.gov/2019059078,9780593101605,['Love stories.']
21,https://lccn.loc.gov/2016002398,9780385541527,[]
22,https://lccn.loc.gov/2016042150,9780062661098,[]
23,https://lccn.loc.gov/2019000657,9780399563072,[]
24,https://lccn.loc.gov/2019051818,9781683691686,[]
25,https://lccn.loc.gov/2015039961,9780812996395,['Mystery fiction.']
26,https://lccn.loc.gov/2020042347,9781250174666,"['Science fiction.', 'Suspense fiction.']"
27,https://lccn.loc.gov/2020010254,9780063028838,[]
28,https://lccn.loc.gov/2019033998,9781250087331,['Mystery fiction.']
29,https://lccn.loc.gov/2020042348,9781250174659,"['Science fiction.', 'Suspense fiction.']"
30,https://lccn.loc.gov/2020288221,9781643851631,"['Psychological fiction.', 'Fiction.', 'Horror fiction.', 'Paranormal fiction.', 'Thrillers (Fiction)', 'Suspense fiction.', 'Paranormal fiction.', 'Horror fiction.', 'Thrillers (Fiction)']"
31,https://lccn.loc.gov/2016007758,9780062427021,"['Suspense fiction.', 'Noir fiction.']"
32,https://lccn.loc.gov/2018051674,9781524796372,['Historical fiction.']
33,https://lccn.loc.gov/2015016476,9780385540353,['Dystopias.']
34,https://lccn.loc.gov/2019001219,9781984805423,['Love stories.']
35,https://lccn.loc.gov/2019037437,9781683691433,"['Horror fiction.', 'Suspense fiction.']"
36,https://lccn.loc.gov/2013006336,9780307269874,[]
37,https://lccn.loc.gov/2019017533,9780062838209,"['Suspense fiction.', 'Mystery fiction.']"
38,https://lccn.loc.gov/2019017430,9780062913722,[]
39,https://lccn.loc.gov/2019044691,9781984806741,[]
40,https://lccn.loc.gov/2019001004,9781984805386,['Love stories.']
41,https://lccn.loc.gov/2015041687,9781501133862,"['Suspense fiction.', 'Mystery fiction.']"
42,https://lccn.loc.gov/2014018448,9780385539708,['Legal stories.']
43,https://lccn.loc.gov/2013004225,9780307379979,[]
44,https://lccn.loc.gov/2013048523,9780670014736,['Bildungsromans.']
45,https://lccn.loc.gov/2014029141,9781612194424,[]
46,https://lccn.loc.gov/2013019693,9780307718969,[]
47,https://lccn.loc.gov/2019039598,9781984806123,['Suspense fiction.']
48,https://lccn.loc.gov/2019457525,9781501190100,"['Fiction.', 'Psychological fiction.', 'Thrillers (Fiction)', 'Suspense fiction.', 'Thrillers (Fiction)', 'Psychological fiction.']"
49,https://lccn.loc.gov/2013018600,9780812993271,"['Mystery fiction.', 'Suspense fiction.']"
50,https://lccn.loc.gov/2014019890,9781250046369,['Mystery fiction.']
51,https://lccn.loc.gov/2017034468,9780451490346,"['Domestic fiction.', 'Love stories.']"
52,https://lccn.loc.gov/2017034041,9780399587665,['Love stories.']
53,https://lccn.loc.gov/2013013842,9781250030955,[]
54,https://lccn.loc.gov/2017002944,9781616205041,[]
55,https://lccn.loc.gov/2016020620,9780812989403,['Domestic fiction.']
56,https://lccn.loc.gov/2018278186,9781982135669,"['Fiction.', 'Novels.', 'Romance fiction.', 'Love stories.', 'Romance fiction.', 'Novels.']"
57,https://lccn.loc.gov/2018018670,9781501160813,[]
58,https://lccn.loc.gov/2016658901,9780062072948,"['Love stories.', 'Historical fiction.']"
59,https://lccn.loc.gov/2017060556,9781524742959,[]
60,https://lccn.loc.gov/2017008413,9781501162893,"['Domestic fiction.', 'Love stories.']"
61,https://lccn.loc.gov/2019039595,9781984806239,[]
62,https://lccn.loc.gov/2013474278,9780062107312,['Historical fiction.']
63,https://lccn.loc.gov/2018014340,9781501194924,"['Romantic suspense fiction.', 'Love stories.']"
64,https://lccn.loc.gov/2015048417,9781101883075,['Historical fiction.']
65,https://lccn.loc.gov/2013017648,9781400067244,['Domestic fiction.']
66,https://lccn.loc.gov/2019021733,9781501188770,"['Domestic fiction.', 'Psychological fiction.', 'Mystery fiction.', 'Suspense fiction.']"
67,https://lccn.loc.gov/2014007440,9780143126478,"['Love stories.', 'Historical fiction.', 'War stories.']"
68,https://lccn.loc.gov/2017025348,9780399585272,"['Romantic suspense fiction.', 'Mystery fiction.']"
69,https://lccn.loc.gov/2013019095,9780385530903,[]
70,https://lccn.loc.gov/2013464717,9780778315339,"['Paranormal fiction.', 'Fantasy fiction.']"
71,https://lccn.loc.gov/2020026377,9780593158807,['War stories.']
72,https://lccn.loc.gov/2013025677,9780385348454,"['Spy stories.', 'Suspense fiction.']"
73,https://lccn.loc.gov/2015011072,9780761184997,['Cookbooks.']
74,https://lccn.loc.gov/2015044905,9781101984994,['Suspense fiction.']
75,https://lccn.loc.gov/2020945187,9781250767028,[]
76,https://lccn.loc.gov/2019013892,9780385544801,['Suspense fiction.']
77,https://lccn.loc.gov/2013028077,9780143121558,[]
78,https://lccn.loc.gov/2019024263,9781250103482,['Love stories.']
79,https://lccn.loc.gov/2020019052,9781524796402,[]
80,https://lccn.loc.gov/2019297682,9780778308911,"['Fiction.', 'Fiction.']"
81,https://lccn.loc.gov/2019027133,9781982137441,['Love stories.']
82,https://lccn.loc.gov/2014003807,9781250043368,"['Domestic fiction.', 'Mystery fiction.', 'Suspense fiction.']"
83,https://lccn.loc.gov/2018022593,9780399587689,['Love stories.']
84,https://lccn.loc.gov/2018037096,9780374156022,['Legal stories.']
85,https://lccn.loc.gov/2013024331,9780307377937,"['Domestic fiction.', 'Epic fiction.']"
86,https://lccn.loc.gov/2020003251,9781984803634,"['Paranormal romance stories.', 'Fantasy fiction.']"
87,https://lccn.loc.gov/2020003250,9781984803627,"['Paranormal romance stories.', 'Fantasy fiction.']"
88,https://lccn.loc.gov/2017038125,9780525520375,[]
89,https://lccn.loc.gov/2016052915,9780399174131,['Domestic fiction.']
90,https://lccn.loc.gov/2019005755,9780062358202,[]
91,https://lccn.loc.gov/2018010894,9781250193162,"['Biographical fiction.', 'Historical fiction.', 'War stories']"
92,https://lccn.loc.gov/2019012466,9781982126780,[]
93,https://lccn.loc.gov/2015026688,9781501124211,['Suspense fiction']
94,https://lccn.loc.gov/2020020989,9780593099483,"['Love stories.', 'Humorous fiction.']"
95,https://lccn.loc.gov/2020009931,9781635575644,[]
96,https://lccn.loc.gov/2020012794,9780593230251,[]
97,https://lccn.loc.gov/2014024908,9781476778068,"['Gothic fiction.', 'Occult fiction.', 'Historical fiction.']"
98,https://lccn.loc.gov/2013024566,9781612192642,[]
99,https://lccn.loc.gov/2019013010,9781984818249,['Mystery fiction.']
100,https://lccn.loc.gov/2019002424,9781524744588,['Historical fiction']
101,https://lccn.loc.gov/2020018551,9780593201602,['Mystery fiction.']
102,https://lccn.loc.gov/2013034014,9781476733807,['Suspense fiction.']
103,https://lccn.loc.gov/2017001928,9781492647454,['Domestic fiction.']
104,https://lccn.loc.gov/2014955137,9780316284943,['Fiction.']
105,https://lccn.loc.gov/2020026669,9780593132876,['Love stories.']
106,https://lccn.loc.gov/2019010863,9780062913579,['Love stories.']
107,https://lccn.loc.gov/2015027259,9781501121043,[]
108,https://lccn.loc.gov/2019049625,9780698408197,"['Biographical fiction.', 'Historical fiction.']"
109,https://lccn.loc.gov/2019006908,9781250142863,['Mystery fiction.']
110,https://lccn.loc.gov/2016046917,9780393609097,[]
111,https://lccn.loc.gov/2013025366,9780399165528,['Suspense fiction.']
112,https://lccn.loc.gov/2020035349,9781250624161,['Love stories.']
113,https://lccn.loc.gov/2015041574,9780451474476,"['Fantasy fiction.', 'Occult fiction.']"
114,https://lccn.loc.gov/2015012455,9781250054807,[]
115,https://lccn.loc.gov/2018009020,9781492666868,['Historical fiction.']
116,https://lccn.loc.gov/2014024364,9780812996678,[]
117,https://lccn.loc.gov/2018026619,9780802128782,[]
118,https://lccn.loc.gov/2015016963,9781250049582,"['Mystery fiction', 'Humorous fiction.']"
119,https://lccn.loc.gov/2018056020,9780385541220,[]
120,https://lccn.loc.gov/2019055581,9780399587078,['Fantasy fiction.']
121,https://lccn.loc.gov/2019014759,9780062200679,[]
122,https://lccn.loc.gov/2018009802,9781451649437,[]
123,https://lccn.loc.gov/2018017352,9781501160790,[]
124,https://lccn.loc.gov/2019038629,9780593135235,['Love stories.']
125,https://lccn.loc.gov/2020020294,9781982108847,"['Occult fiction.', 'Historical fiction.']"
126,https://lccn.loc.gov/2015015990,9780399174124,['Suspense fiction']
127,https://lccn.loc.gov/2020040086,9781616207014,[]
128,https://lccn.loc.gov/2020038278,9781250213600,"['Fantasy fiction.', 'Novels.']"
129,https://lccn.loc.gov/2016011041,9780393241655,[]
130,https://lccn.loc.gov/2016023355,9780062563668,['Historical fiction.']
131,https://lccn.loc.gov/2019050012,9780451491756,['Suspense fiction.']
132,https://lccn.loc.gov/2016000554,9780393285543,"['Psychological fiction.', 'Domestic fiction.', 'Suspense fiction.']"
133,https://lccn.loc.gov/2020031469,9780063062344,"['Psychological fiction.', 'Suspense fiction.']"
134,https://lccn.loc.gov/2017945141,9780316556347,['Fantasy fiction.']
135,https://lccn.loc.gov/2019032510,9781982136451,['Horror fiction.']
136,https://lccn.loc.gov/2014656682,9781476705996,"['Love stories.', 'Fantasy fiction.']"
137,https://lccn.loc.gov/2016659251,9780425270189,['Love stories.']
138,https://lccn.loc.gov/2020275363,9781534439863,"['Fantasy fiction.', 'Fiction.', 'Fantasy fiction.', 'Fantasy fiction.']"
139,https://lccn.loc.gov/2020022385,9780593099940,"['Love stories.', 'Occult fiction.']"
140,https://lccn.loc.gov/2020009019,9780358197058,"['Fantasy fiction.', 'Mystery fiction.']"
141,https://lccn.loc.gov/2014034389,9781476789255,"['Domestic fiction.', 'Love stories.']"
142,https://lccn.loc.gov/2016046292,9781501116841,"['Psychological fiction.', 'Mystery fiction.']"
143,https://lccn.loc.gov/2014013493,9781616954239,"['Christmas stories.', 'Mystery fiction.', 'Regency fiction.']"
144,https://lccn.loc.gov/2020015957,9781727822905,['Biographical fiction.']
145,https://lccn.loc.gov/2019057270,9781524744625,[]
146,https://lccn.loc.gov/2013022221,9780062088253,['Suspense fiction.']
147,https://lccn.loc.gov/2020016133,9781984806130,['Love stories.']
148,https://lccn.loc.gov/2017295324,0451495586 (h,"['Love stories.', 'Domestic fiction.']"
149,https://lccn.loc.gov/2013023987,9780307958846,"['Historical fiction.', 'War stories.', 'Love stories.']"
150,https://lccn.loc.gov/2018001891,9781250164193,"['Biographical fiction.', 'Suspense fiction.']"
151,https://lccn.loc.gov/2016285210,9781101981207,[]
152,https://lccn.loc.gov/2017941582,9781683690139,"['Choose-your-own stories.', 'Fiction.', 'History.', 'Romance fiction.', 'Regency fiction.', 'Romance fiction.', 'Choose-your-own stories.']"
153,https://lccn.loc.gov/2016058705,9781101987797,"['Romantic suspense fiction.', 'Fantasy fiction.']"
154,https://lccn.loc.gov/2015013520,9781250063694,"['Mystery fiction.', 'Suspense fiction.']"
155,https://lccn.loc.gov/2015296685,9780544330146,"['Fiction.', 'Mystery fiction.']"
156,https://lccn.loc.gov/2017025378,9780735223493,[]
157,https://lccn.loc.gov/2016019580,9781250022134,['Mystery fiction.']
158,https://lccn.loc.gov/2015937874,9781940456362,"['Martial arts fiction.', 'Ghost stories.', 'Fiction.', 'Paranormal fiction.', 'Fantasy fiction.', 'Ghost stories fiction.', 'Paranormal fiction.', 'Ghost stories.']"
159,https://lccn.loc.gov/2014007547,9780062106070,"['Domestic fiction.', 'Love stories.']"
160,https://lccn.loc.gov/2014038003,9780062225467,"['Psychological fiction.', 'Mystery fiction.', 'Suspense fiction.']"
161,https://lccn.loc.gov/2013011007,9780345522023,"['Psychological fiction.', 'Suspense fiction.']"
162,https://lccn.loc.gov/2020023175,9781635575422,"['Western stories.', 'Adventure fiction.']"
163,https://lccn.loc.gov/2020004978,9781984805706,['Love stories.']
164,https://lccn.loc.gov/2016032868,9780385350907,"['Domestic fiction.', 'Historical fiction.']"
165,https://lccn.loc.gov/2020014702,9781728206141,['Love stories.']
166,https://lccn.loc.gov/2015019186,9780399174001,"['Psychological fiction.', 'Suspense fiction.', 'Mystery fiction.']"
167,https://lccn.loc.gov/2015933947,9780316176538,['Historical fiction.']
168,https://lccn.loc.gov/2013033308,9780143124733,[]
169,https://lccn.loc.gov/2014940681,9780316225939,"['Mystery fiction.', 'Suspense fiction.']"
170,https://lccn.loc.gov/2013014516,9780553808032,['Fantasy fiction.']
171,https://lccn.loc.gov/2017930437,9780316435314,"['Domestic fiction.', 'Domestic fiction.', 'Fiction.', 'Thrillers (Fiction)', 'Suspense fiction.', 'Domestic fiction.', 'Thrillers (Fiction)']"
172,https://lccn.loc.gov/2018050729,9780812992861,"['Western stories.', 'Ghost stories.']"
173,https://lccn.loc.gov/2018061045,9780425281291,['Fantasy fiction.']
174,https://lccn.loc.gov/2020019690,9780399182280,"['Domestic fiction.', 'Historical fiction.']"
175,https://lccn.loc.gov/2014029962,9780345539939,['Mystery fiction.']
176,https://lccn.loc.gov/2020301358,9780062938558,"['Humorous stories.', 'Fantasy fiction.', 'Fiction.', 'Humorous fiction.', 'Fantasy fiction.', 'Humorous fiction.', 'Fantasy fiction.', 'Humorous fiction.']"
177,https://lccn.loc.gov/2013008472,9780062014559,[]
178,https://lccn.loc.gov/2019300473,9780316449885,"['Humor.', 'Essays.', 'Popular works.', 'Essays.']"
179,https://lccn.loc.gov/2017031394,9781594488405,[]
180,https://lccn.loc.gov/2019009593,9781616209131,[]
181,https://lccn.loc.gov/2017478937,9780525522874,['Love stories.']
182,https://lccn.loc.gov/2015023225,9780345545961,"['Suspense fiction.', 'Mystery fiction.']"
183,https://lccn.loc.gov/2019303989,9780062958464,"['Humorous fiction.', 'Love stories.']"
184,https://lccn.loc.gov/2019059282,9780593156858,['Horror fiction.']
185,https://lccn.loc.gov/2020006857,9780593230954,[]
186,https://lccn.loc.gov/2018025769,9781501190094,['Suspense fiction.']
187,https://lccn.loc.gov/2013024717,9781250028969,['Mystery fiction.']
188,https://lccn.loc.gov/2017034431,9781492656623,[]
189,https://lccn.loc.gov/2013016952,9780812995862,"['Psychological fiction.', 'Suspense fiction']"
190,https://lccn.loc.gov/2020010399,9781250759665,['Suspense fiction.']
191,https://lccn.loc.gov/2014937378,9780316099752,['Domestic fiction.']
192,https://lccn.loc.gov/2016040904,9780425284025,['Fantasy fiction.']
193,https://lccn.loc.gov/2018013372,9780385544238,"['Black humor (Literature)', 'Satire.']"
194,https://lccn.loc.gov/2017044684,9780393608533,['Humorous fiction.']
195,https://lccn.loc.gov/2017009975,9780804178020,"['Psychological fiction.', 'Suspense fiction.']"
196,https://lccn.loc.gov/2020008654,9780593199329,['Fantasy fiction.']
197,https://lccn.loc.gov/2016018237,9780393293012,[]
198,https://lccn.loc.gov/2018053953,9780451490827,['Love stories.']
199,https://lccn.loc.gov/2019295617,9781984823014,[]
200,https://lccn.loc.gov/2016042308,9780451493583,"['Science fiction.', 'War stories.']"
201,https://lccn.loc.gov/2013047234,9781455553617,['Psychological fiction.']
202,https://lccn.loc.gov/2015004186,9780804177993,['Suspense fiction.']
203,https://lccn.loc.gov/2019020020,9780393652703,[]
204,https://lccn.loc.gov/2017037645,9780399590504,[]
205,https://lccn.loc.gov/2020020260,9781982137335,['Suspense fiction.']
206,https://lccn.loc.gov/2019033899,9780358164081,[]
207,https://lccn.loc.gov/2014032606,9780804179034,['Fantasy fiction.']
208,https://lccn.loc.gov/2020044147,9780593191217,['Love stories.']
209,https://lccn.loc.gov/2018275356,9780062684561,"['Domestic fiction.', 'Domestic fiction.', 'Fiction.', 'Historical fiction.', 'Historical fiction.', 'Domestic fiction.', 'Historical fiction.', 'Historical fiction.']"
210,https://lccn.loc.gov/2020940583,9780525559474,[]
211,https://lccn.loc.gov/2016021409,9780812989885,['Domestic fiction.']
212,https://lccn.loc.gov/2014048617,9781492617891,"['Historical fiction.', 'Suspense fiction.']"
213,https://lccn.loc.gov/2015022078,9781250069177,['Mystery fiction.']
214,https://lccn.loc.gov/2016040681,9781492649359,[]
215,https://lccn.loc.gov/2018058807,9780062390011,"['Suspense fiction.', 'Mystery fiction.']"
216,https://lccn.loc.gov/2014660924,9781455586738,['Love stories.']
217,https://lccn.loc.gov/2019058284,9781594487330,[]
218,https://lccn.loc.gov/2013030138,9781250019806,"['Domestic fiction.', 'Love stories.']"
219,https://lccn.loc.gov/2020009945,9780593100837,['Love stories.']
220,https://lccn.loc.gov/2017057595,9780374123697,['Mystery fiction.']
221,https://lccn.loc.gov/2016028804,9780062491794,['Domestic fiction.']
222,https://lccn.loc.gov/2015009057,9780399160301,[]
223,https://lccn.loc.gov/2018041168,9781250200358,['Love stories.']
224,https://lccn.loc.gov/2020019319,9780062881922,"['Psychological fiction.', 'Domestic fiction.', 'Suspense fiction.']"
225,https://lccn.loc.gov/2017038361,9780374228194,"['Psychological fiction.', 'Suspense fiction.']"
226,https://lccn.loc.gov/2014903377,9781594746857,"['Science fiction.', 'Mystery fiction.']"
227,https://lccn.loc.gov/2018039473,9780525622109,['Biographical fiction.']
228,https://lccn.loc.gov/2017060169,9781250151339,[]
229,https://lccn.loc.gov/2014020225,9781400063369,[]
230,https://lccn.loc.gov/2015040137,9780804141260,[]
231,https://lccn.loc.gov/2016023538,9780143108863,['Love stories.']
232,https://lccn.loc.gov/2014042113,9780062311115,"['Suspense fiction.', 'Mystery fiction.']"
233,https://lccn.loc.gov/2013498838,9780060779634,"['Ghost stories.', 'Mystery fiction.']"
234,https://lccn.loc.gov/2016026198,9780399174490,"['Romantic suspense fiction.', 'Mystery fiction.']"
235,https://lccn.loc.gov/2017296145,9780062129383,"['Fiction.', 'Psychological fiction.', 'Suspense fiction.', 'Suspense fiction.', 'Thrillers (Fiction)', 'Psychological fiction.']"
236,https://lccn.loc.gov/2014045500,9781101875896,"['Domestic fiction.', 'Love stories.']"
237,https://lccn.loc.gov/2016018769,9780804178808,"['Suspense fiction.', 'Mystery fiction.']"
238,https://lccn.loc.gov/2015023739,9781616205027,[]
239,https://lccn.loc.gov/2015376556,9780062068514,"['Fiction.', 'Love stories.', 'Historical fiction.']"
240,https://lccn.loc.gov/2018297407,9780399562464,"['Domestic fiction.', 'Love stories.']"
241,https://lccn.loc.gov/2020002438,9780593133842,[]
242,https://lccn.loc.gov/2017277365,9780062693983,"['Autobiographies.', 'Essays.']"
243,https://lccn.loc.gov/2013023313,9780807001813,[]
244,https://lccn.loc.gov/2020304751,9780062941206,"['Chick Lit.', 'Fiction.', 'Romance fiction.', 'Love stories.', 'Romance fiction.']"
245,https://lccn.loc.gov/2017052720,9780425281314,"['Paranormal fiction.', 'Fantasy fiction.', 'Occult fiction.']"
246,https://lccn.loc.gov/2018001420,9781328473011,[]
247,https://lccn.loc.gov/2015297388,9780525429142,[]
248,https://lccn.loc.gov/2020019691,9780399182297,"['Domestic fiction.', 'Historical fiction.']"
249,https://lccn.loc.gov/2017027324,9781250106490,[]
250,https://lccn.loc.gov/2013027898,9780385344050,['Mystery fiction.']
251,https://lccn.loc.gov/2018034477,9780525511380,[]
252,https://lccn.loc.gov/2014037087,9781476798172,[]
253,https://lccn.loc.gov/2018053215,9780385541213,[]
254,https://lccn.loc.gov/2018658468,9780399586064,"['Love stories.', 'Historical fiction.']"
255,https://lccn.loc.gov/2019057269,9781524744618,[]
256,https://lccn.loc.gov/2013431133,9780061941023,['Domestic fiction.']
257,https://lccn.loc.gov/2017044857,9780399584466,['Suspense fiction.']
258,https://lccn.loc.gov/2020010400,9781250759672,['Suspense fiction.']
259,https://lccn.loc.gov/2019047191,9781250198709,[]
260,https://lccn.loc.gov/2015041725,9780062409225,['Historical fiction.']
261,https://lccn.loc.gov/2018011480,9781250191984,['Suspense fiction.']
262,https://lccn.loc.gov/2014028450,9780062127181,[]
263,https://lccn.loc.gov/2020010072,9781984881670,['Suspense fiction.']
264,https://lccn.loc.gov/2014501567,9780062306814,['Historical fiction.']
265,https://lccn.loc.gov/2019026692,9780440000174,"['Suspense fiction.', 'Mystery fiction.']"
266,https://lccn.loc.gov/2018018501,9780062663849,"['Mystery fiction.', 'Suspense fiction.']"
267,https://lccn.loc.gov/2019023840,9780525521143,['Mystery fiction.']
268,https://lccn.loc.gov/2014045502,9781101874271,['Domestic fiction.']
269,https://lccn.loc.gov/2019287283,9780525542315,"['Fiction.', 'Romance fiction.', 'Romance fiction.', 'Love stories.']"
270,https://lccn.loc.gov/2013023811,9781400069620,[]
271,https://lccn.loc.gov/2016007679,9780399165214,['Domestic fiction.']
272,https://lccn.loc.gov/2016297303,9780062290397,"['Fantasy fiction.', 'Fiction.', 'Fantasy fiction.', 'Fantasy fiction.']"
273,https://lccn.loc.gov/2019009387,9780062913487,"['Domestic fiction.', 'Humorous fiction.']"
274,https://lccn.loc.gov/2017061021,9781250154194,[]
275,https://lccn.loc.gov/2019030050,9781984879394,['Love stories.']
276,https://lccn.loc.gov/2018006314,9780425286166,"['Biographical fiction.', 'Historical fiction.']"
277,https://lccn.loc.gov/2015037876,9781250051905,"['Domestic fiction.', 'Love stories.']"
278,https://lccn.loc.gov/2013956140,9781594745263,['Horror fiction.']
279,https://lccn.loc.gov/2017017334,9780393635027,['Bildungsromans.']
280,https://lccn.loc.gov/2017486335,9780062659057,"['Detective and mystery fiction.', 'Fiction.', 'Thrillers (Fiction)', 'Suspense fiction.', 'Mystery fiction.', 'Thrillers (Fiction)', 'Detective and mystery fiction.', 'Suspense fiction.']"
281,https://lccn.loc.gov/2016055462,9781501154829,"['Psychological fiction.', 'Domestic fiction.']"
282,https://lccn.loc.gov/2019046873,9780593085431,['Love stories.']
283,https://lccn.loc.gov/2018039374,9780345540027,['Mystery fiction.']
284,https://lccn.loc.gov/2015514100,9781616149987,[]
285,https://lccn.loc.gov/2020026668,9780593132852,['Love stories.']
286,https://lccn.loc.gov/2017045149,9781250074256,[]
287,https://lccn.loc.gov/2018057817,9781984802194,['Love stories.']
288,https://lccn.loc.gov/2017299737,9780062674791,"['Paranormal romance stories.', 'Fantasy fiction.', 'Fantasy fiction.', 'Fiction.', 'Romance fiction.', 'Love stories.', 'Fantasy fiction.', 'Romance fiction.', 'Fantasy fiction.']"
289,https://lccn.loc.gov/2019033242,9780593100097,['Suspense fiction.']
290,https://lccn.loc.gov/2019050013,9780451491770,['Suspense fiction.']
291,https://lccn.loc.gov/2015037301,9780385540162,[]
292,https://lccn.loc.gov/2014019275,9781616954765,['Mystery fiction.']
293,https://lccn.loc.gov/2014034182,9780307408860,[]
294,https://lccn.loc.gov/2015008623,9780062105684,"['Mystery fiction.', 'Suspense fiction.']"
295,https://lccn.loc.gov/2012049724,9780385537629,"['Biographical fiction', 'Historical fiction']"
296,https://lccn.loc.gov/2017024957,9780062427052,['Suspense fiction.']
297,https://lccn.loc.gov/2019299466,9780525522898,"['Love stories.', 'Romance fiction.']"
298,https://lccn.loc.gov/2013014305,9780316243919,['Biographical fiction.']
299,https://lccn.loc.gov/2018009618,9781101966310,['Suspense fiction.']
300,https://lccn.loc.gov/2013018550,9780062083395,[]
301,https://lccn.loc.gov/2015046303,9780553391923,['Love stories.']
302,https://lccn.loc.gov/2014006886,9781439187036,"['Domestic fiction.', 'Ghost stories.']"
303,https://lccn.loc.gov/2018022719,9780735224636,['Mystery fiction.']
304,https://lccn.loc.gov/2018019774,9780385543897,[]
305,https://lccn.loc.gov/2016000031,9781250097910,"['Psychological fiction.', 'Suspense fiction.', 'Mystery fiction.']"
306,https://lccn.loc.gov/2018009611,9781101967386,"['Biographical fiction.', 'Historical fiction.']"
307,https://lccn.loc.gov/2019024644,9781984802217,['Love stories.']
308,https://lccn.loc.gov/2014950518,9781402258732,[]
309,https://lccn.loc.gov/2018035768,9781328577856,"['Mystery fiction.', 'Gothic fiction.']"
310,https://lccn.loc.gov/2015017106,9780804178778,"['Suspense fiction.', 'Mystery fiction.']"
311,https://lccn.loc.gov/2015014377,9781250034588,['Suspense fiction.']
312,https://lccn.loc.gov/2019044690,9781984806734,[]
313,https://lccn.loc.gov/2013016015,9781451645606,[]
314,https://lccn.loc.gov/2014036974,9781402298684,[]
315,https://lccn.loc.gov/2015024128,9781476799209,[]
316,https://lccn.loc.gov/2019037438,9781683691440,"['Horror fiction.', 'Suspense fiction.']"
317,https://lccn.loc.gov/2015037112,9780812998320,"['Mystery fiction.', 'Suspense fiction.']"
318,https://lccn.loc.gov/2019022563,9780593100356,[]
319,https://lccn.loc.gov/2016006430,9781616206178,[]
320,https://lccn.loc.gov/2019002953,9780062740380,['Mystery fiction']
321,https://lccn.loc.gov/2018044548,9780765399298,['Fantasy fiction.']
322,https://lccn.loc.gov/2016011031,9780393241686,['Mystery fiction.']
323,https://lccn.loc.gov/2016032312,9780062290427,['Fantasy fiction.']
324,https://lccn.loc.gov/2018003867,9781328990204,['Bildungsromans.']
325,https://lccn.loc.gov/2014031135,9780385539586,[]
326,https://lccn.loc.gov/2019011519,9781984818232,['Mystery fiction.']
327,https://lccn.loc.gov/2013046696,9780761178972,[]
328,https://lccn.loc.gov/2019036358,9781250207203,"['Suspense fiction.', 'Mystery fiction.']"
329,https://lccn.loc.gov/2016048931,9780307959577,[]
330,https://lccn.loc.gov/2018038385,9781101885994,['Fantasy fiction.']
331,https://lccn.loc.gov/2014657923,9780062068545,"['Love stories.', 'Historical fiction.']"
332,https://lccn.loc.gov/2018034027,9780316491341,[]
333,https://lccn.loc.gov/2013032953,9780451419484,"['Mystery fiction.', 'Ghost stories.', 'Historical fiction.']"
334,https://lccn.loc.gov/2017061490,9781328987822,['Bildungsromans.']
335,https://lccn.loc.gov/2019048649,9780525620792,['Gothic fiction.']
336,https://lccn.loc.gov/2018041996,9781984803788,['Love stories.']
337,https://lccn.loc.gov/2016013073,9781101985137,"['Psychological fiction.', 'Fantasy fiction.', 'Utopian fiction.']"
338,https://lccn.loc.gov/2015373206,9780670025770,"['Bible fiction.', 'Biographical fiction.', 'Historical fiction.']"
339,https://lccn.loc.gov/2014004500,9780670026326,['Mystery fiction.']
340,https://lccn.loc.gov/2020023176,9781635575439,"['Western stories.', 'Adventure fiction.']"
341,https://lccn.loc.gov/2019033129,9780062367686,['Mystery fiction.']
342,https://lccn.loc.gov/2019010233,9781492666905,['Historical fiction.']
343,https://lccn.loc.gov/2016003508,9781250078551,"['Mystery fiction', 'Humorous fiction.']"
344,https://lccn.loc.gov/2017037534,9781250130921,"['Psychological fiction.', 'Suspense fiction.', 'Mystery fiction.']"
345,https://lccn.loc.gov/2014034569,9781476767314,['Love stories.']
346,https://lccn.loc.gov/2015007434,9780399171314,"['Love stories.', 'Romantic suspense fiction.']"
347,https://lccn.loc.gov/2020031468,9780062980038,"['Psychological fiction.', 'Suspense fiction.']"
348,https://lccn.loc.gov/2019038630,9780593135242,['Love stories.']
349,https://lccn.loc.gov/2020289198,9781984802446,['Domestic fiction.']
350,https://lccn.loc.gov/2019051454,9781250154224,"['Psychological fiction.', 'Suspense fiction.']"
351,https://lccn.loc.gov/2017004103,9780735214767,['Psychological fiction.']
352,https://lccn.loc.gov/2017046915,9780399587924,"['Domestic fiction.', 'Humorous fiction.']"
353,https://lccn.loc.gov/2017000377,9781501160769,[]
354,https://lccn.loc.gov/2020438383,9780778307747,"['Fiction.', 'Domestic fiction.', 'Historical fiction.', 'Novels.', 'Historical fiction.', 'Historical fiction.', 'Domestic fiction.']"
355,https://lccn.loc.gov/2014045223,9780544409910,['Historical fiction.']
356,https://lccn.loc.gov/2017039664,9780385542722,['Domestic fiction.']
357,https://lccn.loc.gov/2018025966,9780451492159,['Historical fiction.']
358,https://lccn.loc.gov/2019024241,9780451492487,['Mystery fiction.']
359,https://lccn.loc.gov/2019033130,9780062367709,['Mystery fiction.']
360,https://lccn.loc.gov/2012041163,9781400067886,"['Psychological fiction.', 'Mystery fiction.']"
361,https://lccn.loc.gov/2020002439,9780593133859,[]
362,https://lccn.loc.gov/2019003080,9780399182105,"['Science fiction.', 'Fantasy fiction.']"
363,https://lccn.loc.gov/2018289174,9781250295163,"['Epistolary fiction.', 'Fiction.', 'Epistolary fiction.', 'Epistolary fiction.']"
364,https://lccn.loc.gov/2020018852,9781982151607,[]
365,https://lccn.loc.gov/2020005358,9780525536291,['Mystery fiction.']
366,https://lccn.loc.gov/2017017720,9781250141439,['Mystery fiction.']
367,https://lccn.loc.gov/2020053287,9780525539773,[]
368,https://lccn.loc.gov/2017037599,9780399592881,"['Domestic fiction.', 'Humorous fiction.']"
369,https://lccn.loc.gov/2020002354,9780399178962,['Love stories.']
370,https://lccn.loc.gov/2016655653,9781101988664,"['Alternative histories (Fiction).', 'Adventure fiction.', 'Fantasy fiction.']"
371,https://lccn.loc.gov/2014048099,9780345528698,['Biographical fiction.']
372,https://lccn.loc.gov/2019058473,9780525520351,[]
373,https://lccn.loc.gov/2013039938,9781594205194,[]
374,https://lccn.loc.gov/2016010837,9780399184512,"['Psychological fiction.', 'Bildungsromans.']"
375,https://lccn.loc.gov/2013036932,9780062309662,['Mystery fiction.']
376,https://lccn.loc.gov/2013031473,9780804138567,[]
377,https://lccn.loc.gov/2019045028,9780385348713,[]
378,https://lccn.loc.gov/2019030049,9780399562488,['Love stories.']
379,https://lccn.loc.gov/2018057848,9780451491879,"['Humorous fiction.', 'Love stories.']"
380,https://lccn.loc.gov/2015041416,9780316228046,"['Paranormal fiction.', 'Fantasy fiction.']"
381,https://lccn.loc.gov/2017014665,9781492646617,"['Biographical fiction.', 'Historical fiction.']"
382,https://lccn.loc.gov/2015296668,9780802122643,"['Fiction.', 'Mystery fiction.']"
383,https://lccn.loc.gov/2013034107,9781476746586,['Historical fiction.']
384,https://lccn.loc.gov/2015028561,9781455525928,['Suspense fiction.']
385,https://lccn.loc.gov/2017041930,9780451489395,[]
386,https://lccn.loc.gov/2013043061,9781476764580,['Domestic fiction.']
387,https://lccn.loc.gov/2014024343,9780804178112,['Suspense fiction.']
388,https://lccn.loc.gov/2016016416,9781250105608,"['Mystery fiction.', 'Suspense fiction.']"
389,https://lccn.loc.gov/2019059645,9781524745172,"['Psychological fiction.', 'Suspense fiction.', 'Horror fiction.']"
390,https://lccn.loc.gov/2018005873,9780735218727,['Bildungsromans.']
391,https://lccn.loc.gov/2014027001,9781594633669,"['Psychological fiction.', 'Suspense fiction.']"
392,https://lccn.loc.gov/2017020068,9780062678102,"['Adventure fiction.', 'Fantasy fiction.']"
393,https://lccn.loc.gov/2014015247,9780765375865,"['Horror fiction.', 'Science fiction.']"
394,https://lccn.loc.gov/2017031499,9780399593482,"['Suspense fiction.', 'Mystery fiction.']"
395,https://lccn.loc.gov/2017288091,9781101905609,"['Detective and mystery fiction.', 'Fiction.', 'Suspense fiction.', 'Mystery fiction.']"
396,https://lccn.loc.gov/2018295289,9780778330165,"['Bildungsromans.', 'Bildungsromans.', 'Fiction.', 'Coming of age fiction.', 'Bildungsromans.']"
397,https://lccn.loc.gov/2018036330,9781250105684,['Suspense fiction.']
398,https://lccn.loc.gov/2019059327,9781984818362,[]
399,https://lccn.loc.gov/2018276149,1408883465,"['Fantasy fiction.', 'Fantasy fiction.', 'Fantasy fiction.', 'Science fiction.', 'Fantasy fiction.']"
400,https://lccn.loc.gov/2016298125,9780451495976,"['Historical fiction', 'Fiction.', 'History.', 'Historical fiction.', 'Historical fiction.', 'Historical fiction.']"
401,https://lccn.loc.gov/2019297636,9780743298087,['Mystery fiction.']
402,https://lccn.loc.gov/2019000887,9780062740373,['Mystery fiction']
403,https://lccn.loc.gov/2019033241,9780593100066,['Suspense fiction.']
404,https://lccn.loc.gov/2018007308,9780525521877,[]
405,https://lccn.loc.gov/2018046838,9781250120922,"['Domestic fiction.', 'Mystery fiction.']"
406,https://lccn.loc.gov/2013497763,9780802122346,['Mystery fiction.']
407,https://lccn.loc.gov/2018037320,9780385541381,"['Ghost storeis.', 'Suspense fiction.']"
408,https://lccn.loc.gov/2020044146,9780593191200,['Love stories.']
409,https://lccn.loc.gov/2014003653,9781616148850,"['Psychological fiction.', 'Mystery fiction']"
410,https://lccn.loc.gov/2019456266,9781982135706,['Love stories.']
411,https://lccn.loc.gov/2017279001,9780062696793,"['Psychological fiction.', 'Detective and mystery fiction.', 'Fiction.', 'Psychological fiction.', 'Thrillers (Fiction)', 'Suspense fiction.', 'Psychological fiction.', 'Detective and mystery fiction.', 'Thrillers (Fiction)', 'Thriller fiction.', 'Detective fiction.']"
412,https://lccn.loc.gov/2020021866,9781250313225,['Fantasy fiction.']
413,https://lccn.loc.gov/2015002536,9781250028594,"['Mystery fiction.', 'Suspense fiction.']"
414,https://lccn.loc.gov/2019009606,9780062839053,"['Domestic fiction.', 'Love stories.']"
415,https://lccn.loc.gov/2018438828,9780062884343,['Mystery fiction.']
416,https://lccn.loc.gov/2014041963,9780385353779,['Mystery fiction.']
417,https://lccn.loc.gov/2014041395,9780307700322,"['Domestic fiction.', 'Historical fiction.']"
418,https://lccn.loc.gov/2014008789,9780316250818,[]
419,https://lccn.loc.gov/2018000513,9781524742966,[]
420,https://lccn.loc.gov/2016051263,9780735216525,['Domestic fiction.']
421,https://lccn.loc.gov/2019059326,9781984818355,[]
422,https://lccn.loc.gov/2015041173,9780062409201,['Historical fiction.']
423,https://lccn.loc.gov/2020002260,9781501165429,"['Horror fiction.', 'Suspense fiction.']"
424,https://lccn.loc.gov/2015298168,1605988448,"['Essays.', 'Essays.']"
425,https://lccn.loc.gov/2017008565,9781250121288,['Mystery fiction.']
426,https://lccn.loc.gov/2015038503,9780525954576,"['Mystery fiction.', 'Suspense fiction.']"
427,https://lccn.loc.gov/2020052785,9780440001584,['Fantasy fiction.']
428,https://lccn.loc.gov/2017049162,9781501153198,['Suspense fiction.']
429,https://lccn.loc.gov/2014011087,9780062225061,[]
430,https://lccn.loc.gov/2014023994,9780345544926,"['Mystery fiction.', 'Suspense fiction.']"
431,https://lccn.loc.gov/2019036052,9781250209764,['Suspense fiction.']
432,https://lccn.loc.gov/2017058797,9780440000457,"['Mystery fiction.', 'Suspense fiction.']"
433,https://lccn.loc.gov/2019019855,9781250313072,['Occult fiction.']
434,https://lccn.loc.gov/2019015499,9781524742911,[]
435,https://lccn.loc.gov/2016479269,9780062413710,['Domestic fiction.']
436,https://lccn.loc.gov/2014427672,9780062331151,"['Fiction.', 'Dystopias.', 'Suspense fiction.']"
437,https://lccn.loc.gov/2019015067,9781476749297,[]
438,https://lccn.loc.gov/2019299573,9780062858085,"['Detective and mystery stories.', 'Detective and mystery fiction.', 'Fiction.', 'Thrillers (Fiction)', 'Suspense fiction.', 'Detective and mystery fiction.', 'Thrillers (Fiction)', 'Suspense fiction.']"
439,https://lccn.loc.gov/2020025762,9780593198636,['Love stories.']
440,https://lccn.loc.gov/2013042127,9780385741262,[]
441,https://lccn.loc.gov/2020012795,9780593230268,[]
442,https://lccn.loc.gov/2016001434,9781250061577,"['Suspense fiction.', 'Mystery fiction.']"
443,https://lccn.loc.gov/2017054671,9781631494130,"['Black humor (Literature)', 'Satire.']"
444,https://lccn.loc.gov/2018051652,9780525540670,"['Domestic fiction.', 'Mystery fiction.', 'Suspense fiction.']"
445,https://lccn.loc.gov/2018296422,9781501137488,['Fantasy fiction.']
446,https://lccn.loc.gov/2015007375,9781492623441,['Psychological fiction.']
447,https://lccn.loc.gov/2020934965,9781501133510,[]
448,https://lccn.loc.gov/2019933749,9780316485340,[]
449,https://lccn.loc.gov/2015037137,9781101875940,[]
450,https://lccn.loc.gov/2015016554,9780812993103,"['Historical fiction.', 'Satire.']"
451,https://lccn.loc.gov/2020038239,9781250772794,['Science fiction.']
452,https://lccn.loc.gov/2020026007,9780802149121,[]
453,https://lccn.loc.gov/2013011166,9780871403766,[]
454,https://lccn.loc.gov/2016026088,9780385353540,[]
455,https://lccn.loc.gov/2015006065,9780385540599,['Psychological fiction.']
456,https://lccn.loc.gov/2017486181,9781476716749,['Fiction.']
457,https://lccn.loc.gov/2017045871,9780451495327,['Autobiographies.']
458,https://lccn.loc.gov/2014931140,0316243396 (h,[]
459,https://lccn.loc.gov/2019052280,9780593102534,['Love stories.']
460,https://lccn.loc.gov/2018295592,9780062663115,"['Psychological fiction.', 'Fiction.', 'Horror fiction.', 'Novellas.', 'Paranormal fiction.', 'Psychological fiction.', 'Short stories.', 'Thrillers (Fiction)', 'Horror fiction.', 'Paranormal fiction.', 'Psychological fiction.', 'Short stories.', 'Thrillers (Fiction)', 'Horror fiction.', 'Novellas.', 'Horror fiction.']"
461,https://lccn.loc.gov/2015027450,9780385539289,[]
462,https://lccn.loc.gov/2018045952,9780802129031,['Love stories.']
463,https://lccn.loc.gov/2019030410,9780451492098,['Biographical fiction.']
464,https://lccn.loc.gov/2019025433,9781594634697,['Domestic fiction.']
465,https://lccn.loc.gov/2019007957,9781250219657,['Suspense fiction.']
466,https://lccn.loc.gov/2015040107,9781101904220,"['Science fiction.', 'Suspense fiction.']"
467,https://lccn.loc.gov/2020008653,9780593199305,['Fantasy fiction.']
468,https://lccn.loc.gov/2018002722,9780525511748,['Domestic fiction.']
469,https://lccn.loc.gov/2013046391,9780062259301,['Psychological fiction.']
470,https://lccn.loc.gov/2018058455,9781524745141,"['Suspense fiction.', 'Mystery fiction.']"
471,https://lccn.loc.gov/2019008256,9780062913463,"['Domestic fiction.', 'Humorous fiction.']"
472,https://lccn.loc.gov/2016659131,9780062388148,"['Love stories.', 'Historical fiction.']"
473,https://lccn.loc.gov/2015017170,9781501107832,[]
474,https://lccn.loc.gov/2017036271,9780312577230,['Domestic fiction.']
475,https://lccn.loc.gov/2018022454,9781476740188,[]
476,https://lccn.loc.gov/2013030543,9780446578936,[]
477,https://lccn.loc.gov/2017299283,9781681773643,"['Detective and mystery fiction.', 'Fiction.', 'Historical fiction.', 'Mystery fiction.', 'Detective and mystery fiction.']"
478,https://lccn.loc.gov/2016023574,9781101886724,['Science fiction.']
479,https://lccn.loc.gov/2018052888,9781501128035,"['Love stories.', 'Humorous fiction.']"
480,https://lccn.loc.gov/2014504527,9781402282485,"['History', 'Fiction.', 'Historical fiction.']"
481,https://lccn.loc.gov/2017029043,9781476716732,"['Domestic fiction.', 'Historical fiction.']"
482,https://lccn.loc.gov/2013034613,9780385534833,[]
483,https://lccn.loc.gov/2018050020,9780358025405,[]
484,https://lccn.loc.gov/2017949312,9780316547185,"['Psychological fiction.', 'Suspense fiction.', 'Thrillers (Fiction)', 'Psychological fiction.']"
485,https://lccn.loc.gov/2014032166,9781250019837,['Domestic fiction.']
486,https://lccn.loc.gov/2015935138,9780316334525,['Domestic fiction.']
487,https://lccn.loc.gov/2015011091,9780345534187,"['Historical fiction.', 'Biographical fiction.']"
488,https://lccn.loc.gov/2019001227,9781984802682,['Love stories.']
489,https://lccn.loc.gov/2014020445,9780345531797,['Mystery fiction.']
490,https://lccn.loc.gov/2015027647,9781501126222,[]
491,https://lccn.loc.gov/2017030327,9780425284124,['Fantasy fiction.']
492,https://lccn.loc.gov/2018021709,9781501165856,['Love stories.']
493,https://lccn.loc.gov/2020015902,9781984805416,"['Love stories.', 'Humorous fiction.']"
494,https://lccn.loc.gov/2016045555,9780812989465,"['Domestic fiction.', 'Suspense fiction.']"
495,https://lccn.loc.gov/2019944103,9780525535270,"['Bildungsromans.', 'Domestic fiction.', 'Fiction.', 'Historical fiction.', 'Bildungsromans.', 'Domestic fiction.', 'Bildungsromans.', 'Historical fiction.']"
496,https://lccn.loc.gov/2016043454,9781594203985,[]
497,https://lccn.loc.gov/2019037428,9781984820150,['Historical fiction.']
498,https://lccn.loc.gov/2013041222,9780393060058,['Domestic fiction.']
499,https://lccn.loc.gov/2013026035,9780062285539,['Humorous fiction.']
500,https://lccn.loc.gov/2013000364,9781476729084,['Love stories.']
501,https://lccn.loc.gov/2018048382,9780802146847,['Love stories.']
502,https://lccn.loc.gov/2013031031,9781402284281,['Psychological fiction.']
503,https://lccn.loc.gov/2015050593,9780525955092,"['Suspense fiction.', 'Mystery fiction.']"
504,https://lccn.loc.gov/2019004158,9781250295637,['Love stories.']
505,https://lccn.loc.gov/2017024594,9780399585968,"['Domestic fiction.', 'Historical fiction.']"
506,https://lccn.loc.gov/2014019885,9781250035608,['Suspense fiction.']
507,https://lccn.loc.gov/2019039597,9781984806116,['Suspense fiction.']
508,https://lccn.loc.gov/2014656748,9781476705996,"['Love stories.', 'Fantasy fiction.']"
509,https://lccn.loc.gov/2020002696,9781250219367,[]
510,https://lccn.loc.gov/2018043155,9780451490711,['Mystery fiction.']
511,https://lccn.loc.gov/2018033574,9781492671527,[]
512,https://lccn.loc.gov/2015004191,9781616204204,[]
513,https://lccn.loc.gov/2013016430,9780385351232,['Domestic fiction.']
514,https://lccn.loc.gov/2015022196,9781250077004,[]
515,https://lccn.loc.gov/2016053069,9780385541787,"['Suspense fiction.', 'Science fiction.']"
516,https://lccn.loc.gov/2014000840,9780316324687,['Historical fiction.']
517,https://lccn.loc.gov/2013362514,9780804139021,['Science fiction.']
518,https://lccn.loc.gov/2017003368,9780525954460,['Romantic suspense fiction.']
519,https://lccn.loc.gov/2018060569,9781984805683,[]
520,https://lccn.loc.gov/2020449062,9780062248572,"['Autobiographies.', 'Biographies.', 'Autobiographies.', 'True crime stories.']"
521,https://lccn.loc.gov/2018289652,9780062834065,"['Fiction.', 'Domestic fiction.', 'Psychological fiction.', 'Fiction.', 'Psychological fiction.', 'Psychological fiction.', 'Psychological fiction.']"
522,https://lccn.loc.gov/2013021292,9780812995206,"['Domestic fiction.', 'Mystery fiction.']"
523,https://lccn.loc.gov/2020020990,9780593099490,"['Love stories.', 'Humorous fiction.']"
524,https://lccn.loc.gov/2017020945,9780399592867,[]
525,https://lccn.loc.gov/2017058603,9780812994162,['Science fiction']
526,https://lccn.loc.gov/2015025297,9781400069880,[]
527,https://lccn.loc.gov/2015656879,9781402294457,"['Historical fiction.', 'Love stories.']"
528,https://lccn.loc.gov/2014043629,9780812993158,['Biographical fiction.']
529,https://lccn.loc.gov/2019024072,9780062963673,[]
530,https://lccn.loc.gov/2019720742,9780062914811,[]
531,https://lccn.loc.gov/2015021779,9780385541039,[]
532,https://lccn.loc.gov/2017004873,9780451476203,"['Suspense fiction.', 'Mystery fiction.', 'Ghost stories.']"
533,https://lccn.loc.gov/2020034224,9780593100585,['Love stories.']
534,https://lccn.loc.gov/2015019006,9781612195001,['Suspense fiction.']
535,https://lccn.loc.gov/2016297344,9781476743653,"['Psychological fiction.', 'Suspense fiction.']"
536,https://lccn.loc.gov/2017296647,9780062469687,"['Bildungsromans.', 'Domestic fiction.', 'Fiction.', 'Domestic fiction.', 'Bildungsromans.']"
537,https://lccn.loc.gov/2017011325,9780399586934,"['Psychological fiction.', 'Suspense fiction.', 'Mystery fiction.']"
538,https://lccn.loc.gov/2013042805,9780804138819,['Medical novels']
539,https://lccn.loc.gov/2018020580,9780399587047,['Suspense fiction.']
540,https://lccn.loc.gov/2018057023,9780399563058,['Domestic fiction.']
541,https://lccn.loc.gov/2017056740,9781250170750,['Suspense fiction.']
542,https://lccn.loc.gov/2017018874,9781250087270,[]
543,https://lccn.loc.gov/2014034832,9781476717777,"['Medical fiction.', 'Domestic fiction.']"
544,https://lccn.loc.gov/2019039845,9780525658191,[]
545,https://lccn.loc.gov/2019037429,9781984820167,['Historical fiction.']
546,https://lccn.loc.gov/2013020634,9780345539786,"['Dystopias.', 'Science fiction.']"
547,https://lccn.loc.gov/2019024645,9781984802224,[]
548,https://lccn.loc.gov/2019008096,9780062358226,[]
549,https://lccn.loc.gov/2014034042,9781250056450,"['Humorous fiction.', 'Mystery fiction.']"
550,https://lccn.loc.gov/2015004221,9781616202613,[]
551,https://lccn.loc.gov/2018022773,9781250066206,['Mystery fiction.']
552,https://lccn.loc.gov/2017061359,9780425283523,['Mystery fiction.']
553,https://lccn.loc.gov/2018058488,9781984802798,"['Love stories.', 'Humorous stories.']"
554,https://lccn.loc.gov/2015048657,9780312380366,"['Suspense fiction.', 'Mystery fiction.']"
555,https://lccn.loc.gov/2018038400,9781524799014,[]
556,https://lccn.loc.gov/2016478311,9781605989747,"['Fantasy fiction.', 'Fiction.', 'Fantasy fiction.', 'Mystery fiction.']"
557,https://lccn.loc.gov/2017030463,9780803741492,[]
558,https://lccn.loc.gov/2012045502,9780062069184,[]
559,https://lccn.loc.gov/2020008103,9780593128497,['Fantasy fiction.']
560,https://lccn.loc.gov/2019007619,9781524796747,['Suspense fiction.']
561,https://lccn.loc.gov/2019000400,9781984854780,[]
562,https://lccn.loc.gov/2018020534,9781616206772,"['Psychological fiction.', 'Detective and mystery fiction.']"
563,https://lccn.loc.gov/2019024073,9780062963697,[]
564,https://lccn.loc.gov/2018295796,9780062667571,"['Psychological fiction.', 'Fiction.', 'Psychological fiction.', 'Thrillers (Fiction)', 'Suspense fiction.', 'Psychological fiction.', 'Thrillers (Fiction)']"
565,https://lccn.loc.gov/2015955016,9780316342513,['Suspense fiction.']
566,https://lccn.loc.gov/2015025894,9780399175169,['Love stories.']
567,https://lccn.loc.gov/2014015360,9780062365583,"['Psychological fiction.', 'Domestic fiction.']"
568,https://lccn.loc.gov/2015020873,9780425260746,['Mystery fiction.']
569,https://lccn.loc.gov/2018004355,9781501156212,"['Suspense fiction.', 'Mystery fiction.']"
570,https://lccn.loc.gov/2016036566,9780399162107,"['Psychological fiction.', 'Bildungsromans']"
571,https://lccn.loc.gov/2019017291,9781984806468,['Love stories.']
572,https://lccn.loc.gov/2015037168,9780399174469,"['Romantic suspense fiction.', 'Mystery fiction.', 'Historical fiction.']"
573,https://lccn.loc.gov/2014039873,9781476776880,['Love stories.']
574,https://lccn.loc.gov/2020010071,9781984881663,['Suspense fiction.']
575,https://lccn.loc.gov/2018016347,9780451491725,['Suspense fiction.']
576,https://lccn.loc.gov/2014038766,9780804178426,['Fantasy fiction.']
577,https://lccn.loc.gov/2019046872,9780593085424,['Love stories.']
578,https://lccn.loc.gov/2014010317,9780345537263,[]
579,https://lccn.loc.gov/2014003560,9780385353304,"['Science fiction.', 'Adventure fiction.']"
580,https://lccn.loc.gov/2015025112,9780425987490,"['Psychological fiction.', 'Suspense fiction.']"
581,https://lccn.loc.gov/2020009587,9781250142894,"['Mystery fiction.', 'Suspense fiction.']"
582,https://lccn.loc.gov/2016014386,9781250069795,['Domestic fiction.']
583,https://lccn.loc.gov/2019003126,9781250126108,"['Love stories.', 'Suspense fiction.']"
584,https://lccn.loc.gov/2020023921,9780063050020,"['Biographical fiction.', 'Mystery fiction.']"
585,https://lccn.loc.gov/2017288351,9781101906750,"['Diary fiction.', 'Epistolary fiction.', 'Fiction.', 'Historical fiction.', 'Historical fiction.', 'Historical fiction.', 'Diary fiction.', 'Epistolary fiction.', 'Historical fiction.']"
586,https://lccn.loc.gov/2016053909,9781616205225,[]
587,https://lccn.loc.gov/2013027552,9780804137447,"['Domestic fiction.', 'Epistolary fiction.', 'Legal stories.']"
588,https://lccn.loc.gov/2014381529,9780062136589,"['Domestic fiction.', 'Love stories.']"
589,https://lccn.loc.gov/2017022801,9780451488756,"['Domestic fiction.', 'Humorous fiction.']"
590,https://lccn.loc.gov/2014030434,9780804176378,"['Biographical fiction.', 'Historical fiction.']"
591,https://lccn.loc.gov/2017043962,9780812997415,['Satire.']
592,https://lccn.loc.gov/2015023339,9780385540025,['Historical fiction.']
593,https://lccn.loc.gov/2020302456,9780062190376,"['Science fiction.', 'Fiction.', 'Science fiction.', 'Science fiction.', 'Science fiction.']"
594,https://lccn.loc.gov/2019004792,9780812996548,[]
595,https://lccn.loc.gov/2020004611,9780399590924,"['Alternative histories (Fiction).', 'Biographical fiction.']"
596,https://lccn.loc.gov/2014003818,9780399169526,['Domestic fiction.']
597,https://lccn.loc.gov/2019033548,9781492689386,"['Fantasy fiction.', 'Love stories.']"
598,https://lccn.loc.gov/2018027281,9780316449717,['Fantasy fiction.']
599,https://lccn.loc.gov/2017009079,9780062678966,['Psychological fiction.']
600,https://lccn.loc.gov/2018036398,9781524799717,[]
601,https://lccn.loc.gov/2018053560,9780440000860,['Suspense fiction.']
602,https://lccn.loc.gov/2019009992,9780525541905,[]
603,https://lccn.loc.gov/2019058474,9780525520368,[]
604,https://lccn.loc.gov/2015002963,9780374290252,[]
605,https://lccn.loc.gov/2018287277,9780525574682,"['Christmas fiction.', 'Fiction.', 'Romance fiction.', 'Love stories.', 'Romance fiction.', 'Love stories.']"
606,https://lccn.loc.gov/2018057217,9780525540694,"['Domestic fiction.', 'Mystery fiction.']"
607,https://lccn.loc.gov/2016016831,9781250103420,['Suspense fiction.']
608,https://lccn.loc.gov/2016056529,9780062105714,['Domestic fiction.']
609,https://lccn.loc.gov/2019001733,9781328974648,['Mystery fiction.']
610,https://lccn.loc.gov/2019299531,9781250174611,"['Fiction.', 'Fantasy fiction.', 'Mystery fiction.', 'Fantasy fiction.', 'Detective and mystery fiction.', 'Noir fiction.']"
611,https://lccn.loc.gov/2015460258,9780062362858,"['Fiction.', 'Suspense fiction.']"
612,https://lccn.loc.gov/2013003075,9780307452955,['Christian fiction.']
613,https://lccn.loc.gov/2019457049,9780778330783,"['Psychological fiction.', 'Psychological fiction.', 'Fiction.', 'Psychological fiction.', 'Thrillers (Fiction)', 'Mystery fiction.', 'Psychological fiction.', 'Thrillers (Fiction)', 'Suspense fiction.']"
614,https://lccn.loc.gov/2016025810,9780374534974,['Fantasy fiction.']
615,https://lccn.loc.gov/2014047743,9781451693591,"['Love stories.', 'Historical fiction.']"
616,https://lccn.loc.gov/2020026378,9780593158821,['War stories.']
617,https://lccn.loc.gov/2018278239,9780062862822,"['Domestic fiction.', 'Historical fiction.', 'Historical fiction.']"
618,https://lccn.loc.gov/2019059283,9780593156865,['Horror fiction.']
619,https://lccn.loc.gov/2015000829,9781501115066,['Domestic fiction.']
620,https://lccn.loc.gov/2017057658,9780399585326,"['Romantic suspense fiction.', 'Mystery fiction.']"
621,https://lccn.loc.gov/2018036328,9781250069825,"['Black humor (Literature)', 'Suspense fiction.']"
622,https://lccn.loc.gov/2016029751,9780425285046,"['Psychological fiction.', 'FICTION / Thrillers.', 'Suspense fiction.', 'Thrillers (Fiction)']"
623,https://lccn.loc.gov/2017015737,9780393254815,[]
624,https://lccn.loc.gov/2020034225,9780593100592,['Love stories.']
625,https://lccn.loc.gov/2019049624,9780525429760,"['Biographical fiction.', 'Historical fiction.']"
626,https://lccn.loc.gov/2013038323,9781250039569,[]
627,https://lccn.loc.gov/2014014652,9781476764023,[]
628,https://lccn.loc.gov/2015001576,9780385352871,['Dystopias.']
629,https://lccn.loc.gov/2020012274,9781534437692,['Fantasy fiction.']
630,https://lccn.loc.gov/2020026248,9781250269546,['Mystery fiction.']
631,https://lccn.loc.gov/2019022562,9780593100349,[]
632,https://lccn.loc.gov/2018028456,9780802146687,[]
633,https://lccn.loc.gov/2018276156,9780062389923,"['Psychological fiction.', 'Psychological fiction.', 'Suspense fiction.', 'Psychological fiction.', 'Fiction.', 'Thrillers (Fiction)', 'Mystery fiction.', 'Suspense fiction.', 'Psychological fiction.', 'Thrillers (Fiction)', 'Suspense fiction.']"
634,https://lccn.loc.gov/2019004169,9781538731338,[]
635,https://lccn.loc.gov/2017045151,9781250144843,['Psychological fiction.']
636,https://lccn.loc.gov/2017052490,9780451490537,"['Psychological fiction.', 'Suspense fiction.']"
637,https://lccn.loc.gov/2017478129,9780553448122,"['Science fiction.', 'Fiction.', 'Science fiction.', 'Science fiction.', 'Science fiction.', 'Thrillers (Fiction)']"
638,https://lccn.loc.gov/2015023636,9780393248678,[]
639,https://lccn.loc.gov/2016034340,9781101985366,"['Mystery fiction.', 'Suspense fiction.']"
640,https://lccn.loc.gov/2014427204,9780062196248,[]
641,https://lccn.loc.gov/2019457823,9780062855312,"['Suspense fiction.', 'Thrillers (Fiction)', 'Domestic fiction.', 'Fiction.', 'Thrillers (Fiction)', 'Suspense fiction.', 'Thrillers (Fiction)', 'Domestic fiction.', 'Psychological fiction.', 'Suspense fiction.']"
642,https://lccn.loc.gov/2015050420,9781101991633,"['Suspense fiction.', 'Mystery fiction.']"
643,https://lccn.loc.gov/2019027134,9781982137465,['Love stories.']
644,https://lccn.loc.gov/2020013947,9780062667632,[]
645,https://lccn.loc.gov/2015298654,9780765385505,"['Fantasy fiction.', 'Fiction.', 'Fantasy fiction.']"
646,https://lccn.loc.gov/2018009300,9780399178788,['Suspense fiction']
647,https://lccn.loc.gov/2020035334,9781250245496,['Love stories.']
648,https://lccn.loc.gov/2014024135,9780804178983,[]
649,https://lccn.loc.gov/2018032717,9781501196010,['Psychological fiction.']
650,https://lccn.loc.gov/2017039509,9781101885963,['Fantasy fiction.']
651,https://lccn.loc.gov/2019030409,9780451492074,['Biographical fiction.']
652,https://lccn.loc.gov/2016000476,9781101988640,"['Alternative histories (Fiction).', 'Adventure fiction.', 'Fantasy fiction.']"
653,https://lccn.loc.gov/2015373205,9780525426592,['Love stories.']
654,https://lccn.loc.gov/2013033513,9780385536998,['Suspense fiction.']
655,https://lccn.loc.gov/2020002254,9781982100599,['Love stories.']
656,https://lccn.loc.gov/2017034159,9780385542418,"['Suspense fiction.', 'Mystery fiction.']"
657,https://lccn.loc.gov/2015299448,9780802123213,['Fiction.']
658,https://lccn.loc.gov/2015042212,9780062200631,[]
659,https://lccn.loc.gov/2018013818,9780544808287,"['Domestic fiction.', 'Jewish fiction.', 'Humorous stories.', 'Love stories.']"
660,https://lccn.loc.gov/2019011177,9780399590597,"['Fantasy fiction.', 'Historical fiction.']"
661,https://lccn.loc.gov/2015035537,9780812997279,['Psychological fiction.']
662,https://lccn.loc.gov/2015046814,9781492637257,"['Biographical fiction.', 'Historical fiction.']"
663,https://lccn.loc.gov/2018934828,9780316176637,"['Fiction.', 'Spy stories.', 'Historical fiction.', 'Suspense fiction.', 'Historical fiction.', 'Thrillers (Fiction)', 'Spy fiction.', 'Historical fiction.']"
664,https://lccn.loc.gov/2020037495,9781250232427,['Mystery fiction.']
665,https://lccn.loc.gov/2016055096,9781101990483,"['Suspense fiction.', 'Mystery fiction.']"
666,https://lccn.loc.gov/2015009123,9780385539463,[]
667,https://lccn.loc.gov/2013025276,9780312606848,['Mystery fiction.']
668,https://lccn.loc.gov/2016023528,9781250121004,"['Psychological fiction.', 'Mystery fiction.', 'Suspense fiction.']"
669,https://lccn.loc.gov/2015018930,9781400067695,['Domestic fiction.']
670,https://lccn.loc.gov/2017030780,9780399178481,[]
671,https://lccn.loc.gov/2018058465,9781501133503,[]
672,https://lccn.loc.gov/2019032511,9781982136475,['Horror fiction.']
673,https://lccn.loc.gov/2019457522,9780062676788,"['Detective and mystery stories.', 'Mystery in literature.', 'Fiction.', 'Mystery fiction.', 'Detective and mystery fiction.', 'Mystery fiction.']"
674,https://lccn.loc.gov/2016021407,9780385534246,[]
675,https://lccn.loc.gov/2019059054,9781984803283,[]
676,https://lccn.loc.gov/2016018767,9781101985595,[]
677,https://lccn.loc.gov/2019039596,9781984806253,[]
678,https://lccn.loc.gov/2014018914,9781250057150,"['Psychological fiction.', 'Ghost stories.']"
679,https://lccn.loc.gov/2016037734,9780062491817,['Domestic fiction.']
680,https://lccn.loc.gov/2016024545,9781612195971,[]
681,https://lccn.loc.gov/2013050796,9780812992892,['Historical fiction.']
682,https://lccn.loc.gov/2020012256,9780593101919,['Love stories.']
683,https://lccn.loc.gov/2015024682,9781101875599,"['Suspense fiction.', 'Mystery fiction.']"
684,https://lccn.loc.gov/2014002224,9780393243024,"['Mystery fiction.', 'Suspense fiction.']"
685,https://lccn.loc.gov/2015044812,9780698190429,"['Fantasy fiction.', 'Occult fiction.']"
686,https://lccn.loc.gov/2016032311,9780062460226,['Love stories.']
687,https://lccn.loc.gov/2020022624,9780062955470,['Mystery fiction.']
688,https://lccn.loc.gov/2020019804,9781641292696,[]
689,https://lccn.loc.gov/2019048648,9780525620785,['Gothic fiction.']
690,https://lccn.loc.gov/2016029910,9781101875681,[]
691,https://lccn.loc.gov/2017005442,9780393609394,[]
692,https://lccn.loc.gov/2016023120,9780345544957,['Legal stories.']
693,https://lccn.loc.gov/2017278390,9780765393586,"['Fantasy fiction.', 'Fiction.', 'Fantasy fiction.', 'Fantasy fiction.']"
694,https://lccn.loc.gov/2020032207,9780735224667,['Mystery fiction.']
695,https://lccn.loc.gov/2015050064,9781250092144,"['Mystery fiction.', 'Suspense fiction.']"
696,https://lccn.loc.gov/2014010097,9780670015672,['Fantasy fiction.']
697,https://lccn.loc.gov/2015015875,9781616204136,[]
698,https://lccn.loc.gov/2013431164,9781476711959,"['Ghost stories.', 'Gothic fiction.', 'Historical fiction.']"
699,https://lccn.loc.gov/2017289101,9780765392039,"['Fantasy fiction.', 'Fiction.', 'Horror fiction.', 'Fantasy fiction.', 'Fantasy fiction.', 'Horror fiction.']"
700,https://lccn.loc.gov/2018012390,9780440000785,"['Fantasy fiction', 'Dystopian fiction']"
701,https://lccn.loc.gov/2016007696,9781616205812,['Historical fiction.']
702,https://lccn.loc.gov/2018005791,9780399180989,['Fantasy fiction.']
703,https://lccn.loc.gov/2019059053,9781984803276,[]
704,https://lccn.loc.gov/2019043282,9780451490742,['Mystery fiction.']
705,https://lccn.loc.gov/2018049551,9780525539889,[]
706,https://lccn.loc.gov/2014037515,9780385342940,['Historical fiction.']
707,https://lccn.loc.gov/2020018516,9781524733452,"['Political fiction.', 'Humorous fiction.']"
708,https://lccn.loc.gov/2020022073,9780451492203,[]
709,https://lccn.loc.gov/2018007711,9780735218758,['Bildungsromans.']
710,https://lccn.loc.gov/2020936908,9780062679161,[]
711,https://lccn.loc.gov/2018022774,9781250067869,[]
712,https://lccn.loc.gov/2019007966,9781984855176,[]
713,https://lccn.loc.gov/2018019807,9781250295187,['Love stories.']
714,https://lccn.loc.gov/2014001877,9780547628400,[]
715,https://lccn.loc.gov/2020023920,9780063050006,"['Biographical fiction.', 'Mystery fiction.']"
716,https://lccn.loc.gov/2020037126,9781984804792,"['Fantasy fiction.', 'Novels.']"
717,https://lccn.loc.gov/2018289111,9780756414764,"['Fantasy fiction.', 'Fiction.', 'Fantasy fiction.', 'Fantasy fiction.']"
718,https://lccn.loc.gov/2016054138,9781501137471,['Fantasy fiction.']
719,https://lccn.loc.gov/2012043878,9780307265746,[]
720,https://lccn.loc.gov/2020042059,9781250767943,['Love stories.']
721,https://lccn.loc.gov/2017029513,9780804176750,['Domestic fiction.']
722,https://lccn.loc.gov/2016590186,9780062405616,"['Love stories.', 'Humorous fiction.']"
723,https://lccn.loc.gov/2019024892,9781984803153,[]
724,https://lccn.loc.gov/2017032784,9781501154645,['Suspense fiction.']
725,https://lccn.loc.gov/2014947914,9780062237194,"['Historical fiction.', 'Mystery fiction.']"
726,https://lccn.loc.gov/2019033900,9780358168478,[]
727,https://lccn.loc.gov/2016018398,9780062451941,"['Fantasy fiction.', 'Historical fiction.']"
728,https://lccn.loc.gov/2016001456,9781250063700,"['Suspense fiction.', 'Mystery fiction.']"
729,https://lccn.loc.gov/2019296606,9781984822178,"['Bildungsromans.', 'Bildungsromans.']"
730,https://lccn.loc.gov/2017061404,9781492665274,"['Romantic suspense fiction.', 'Love stories.']"
731,https://lccn.loc.gov/2018018552,9781984802439,[]
732,https://lccn.loc.gov/2019018211,9781250204448,['Mystery fiction.']
733,https://lccn.loc.gov/2013362463,9780062279972,"['Adventure fiction.', 'Love stories.']"
734,https://lccn.loc.gov/2020022386,9780593099957,"['Love stories.', 'Occult fiction.']"
735,https://lccn.loc.gov/2020037125,9781984804785,['Fantasy fiction.']
736,https://lccn.loc.gov/2018295167,9781501154836,"['Psychological fiction.', 'Domestic fiction.']"
737,https://lccn.loc.gov/2018028835,9780451489425,[]
738,https://lccn.loc.gov/2013044441,9781476749785,"['Suspense fiction.', 'Mystery fiction.']"
739,https://lccn.loc.gov/2018057650,9781250047328,[]
740,https://lccn.loc.gov/2019051638,9781984819895,['HIstorical fiction.']
741,https://lccn.loc.gov/2019024891,9781984803160,[]
742,https://lccn.loc.gov/2019045029,9780385348720,[]
743,https://lccn.loc.gov/2019058285,9780593189467,[]
744,https://lccn.loc.gov/2017007053,9780062313119,['Domestic fiction.']
745,https://lccn.loc.gov/2019026595,9781538715642,['Love stories.']
746,https://lccn.loc.gov/2018278248,9780062872838,"['Chick lit.', 'Romance fiction.', 'Humorous stories.', 'Fiction.', 'Humorous fiction.', 'Romance fiction.', 'Love stories.', 'Romance fiction.', 'Humorous fiction.']"
747,https://lccn.loc.gov/2017478616,0062694057 (h,"['Dystopian fiction.', 'Dystopian fiction.', 'Fiction.', 'Dystopias.', 'Dystopian fiction.', 'Fiction.', 'Dystopian fiction.']"
748,https://lccn.loc.gov/2012048616,9780062105653,['Love stories.']
749,https://lccn.loc.gov/2020008544,9781501188817,['Suspense fiction.']
750,https://lccn.loc.gov/2020014703,9781728206165,['Love stories.']
751,https://lccn.loc.gov/2020038277,9781250213594,"['Fantasy fiction.', 'Novels.']"
752,https://lccn.loc.gov/2016036489,9780345527868,"['Suspense fiction.', 'Mystery fiction.']"
753,https://lccn.loc.gov/2016022954,9780425284155,['Fantasy fiction.']
754,https://lccn.loc.gov/2016032491,9780062656285,[]
755,https://lccn.loc.gov/2016387517,9780062414212,"['Domestic fiction.', 'Fiction.', 'Domestic fiction.']"
756,https://lccn.loc.gov/2014017294,9780393240238,[]
757,https://lccn.loc.gov/2019045514,9780525510444,['Love stories.']
758,https://lccn.loc.gov/2014016018,9781616149987,[]
759,https://lccn.loc.gov/2015431402,9780525954330,"['Detective and mystery stories.', 'Mystery fiction.']"
760,https://lccn.loc.gov/2020010253,9780062968500,[]
761,https://lccn.loc.gov/2015017153,9781250022080,['Mystery fiction.']
762,https://lccn.loc.gov/2020933671,9781538715918,[]
763,https://lccn.loc.gov/2018022559,9780399593512,"['Suspense fiction.', 'Mystery fiction.']"
764,https://lccn.loc.gov/2018013670,9781501194900,"['Romantic suspense fiction.', 'Love stories.']"
765,https://lccn.loc.gov/2018053630,9780525656166,['Spy stories.']
766,https://lccn.loc.gov/2017056135,9780525509509,['Domestic fiction.']
767,https://lccn.loc.gov/2019049288,9781538716625,['Love stories.']
768,https://lccn.loc.gov/2020008545,9781501188831,['Suspense fiction.']
769,https://lccn.loc.gov/2017025059,9780393249897,[]
770,https://lccn.loc.gov/2019054419,9781250151360,['Suspense fiction.']
771,https://lccn.loc.gov/2018285034,9781101981214,[]
772,https://lccn.loc.gov/2015017296,9781250077172,[]
773,https://lccn.loc.gov/2013026867,9781612193496,[]
774,https://lccn.loc.gov/2014016148,9781594633119,['Historical fiction.']
775,https://lccn.loc.gov/2014020071,9781619634442,[]
776,https://lccn.loc.gov/2015028632,9781501124372,"['Historical fiction.', 'Love stories.']"
777,https://lccn.loc.gov/2018055526,9781250316776,[]
778,https://lccn.loc.gov/2016038793,9780385343299,[]
779,https://lccn.loc.gov/2013027875,9780062236739,['Domestic fiction.']
780,https://lccn.loc.gov/2015016909,9781616203573,['Historical fiction.']
781,https://lccn.loc.gov/2019043787,9781982134211,"['War stories.', 'Historical fiction.']"
782,https://lccn.loc.gov/2017478638,9780399562457,"['Domestic fiction.', 'Domestic fiction.', 'Fiction.', 'Romance fiction.', 'Love stories.', 'Romance fiction.', 'Domestic fiction.']"
783,https://lccn.loc.gov/2014041909,9781451694147,"['Mystery fiction.', 'Suspense fiction.']"
784,https://lccn.loc.gov/2017478841,9780062290366,"['Young adult fiction.', 'Fantasy fiction.', 'Fiction.', 'Juvenile works.', 'Young adult works.', 'Fantasy fiction.', 'Fantasy fiction.', 'Fantasy fiction.']"
785,https://lccn.loc.gov/2016008754,9780393245448,[]
786,https://lccn.loc.gov/2018023858,9781501190070,['Suspense fiction.']
787,https://lccn.loc.gov/2017061141,9780451490803,['Love stories.']
788,https://lccn.loc.gov/2016037630,9781250111173,"['Psychological fiction.', 'Suspense fiction.']"
789,https://lccn.loc.gov/2018961338,9781250301697,"['Psychological fiction.', 'Suspense fiction.', 'Psychological fiction.', 'Thrillers (Fiction).']"
790,https://lccn.loc.gov/2014008794,9780062205742,[]
791,https://lccn.loc.gov/2018013471,9781250182265,['Suspense fiction.']
792,https://lccn.loc.gov/2018297972,9780743298070,"['Thrillers (Fiction.)', 'Detective and mystery fiction.', 'Suspense fiction.', 'Detective and mystery fiction.', 'Fiction.', 'Thrillers (Fiction)', 'Suspense fiction.', 'Novels.', 'Thrillers (Fiction)', 'Detective and mystery fiction.']"
793,https://lccn.loc.gov/2020018552,9780440000501,['Mystery fiction.']
794,https://lccn.loc.gov/2018025584,9781400069996,[]
795,https://lccn.loc.gov/2013031952,9780393240825,"['Musical fiction.', 'Mystery fiction.', 'Suspense fiction.']"
796,https://lccn.loc.gov/2015295746,9780061670893,['Domestic fiction.']
797,https://lccn.loc.gov/2020009930,9781635575637,[]
798,https://lccn.loc.gov/2018041137,9781984803252,[]
799,https://lccn.loc.gov/2013021075,9780811221665,[]
800,https://lccn.loc.gov/2019025434,9780698407985,['Domestic fiction.']
801,https://lccn.loc.gov/2016435089,9780062356260,"['Historical fiction.', 'Biographical fiction.', 'Historical fiction.', 'Biographical fiction.']"
802,https://lccn.loc.gov/2016056762,9780735224292,[]
803,https://lccn.loc.gov/2014047753,9781101874141,"['Fantasy fiction.', 'Romantic suspense fiction.']"
804,https://lccn.loc.gov/2015030396,9781476777405,[]
805,https://lccn.loc.gov/2015298604,9780062351425,"['Detective and mystery fiction.', 'Fantasy fiction.', 'Fiction.', 'Horror fiction.', 'Paranormal fiction.', 'Detective and mystery fiction.', 'Paranormal fiction.', 'Fantasy fiction.', 'Horror fiction.', 'Mystery fiction.']"
806,https://lccn.loc.gov/2016045021,9780062645227,['Mystery fiction.']
807,https://lccn.loc.gov/2019055580,9780451464415,['Fantasy fiction.']
808,https://lccn.loc.gov/2019008703,9781982126766,[]
809,https://lccn.loc.gov/2018034449,9781501197406,"['Lovet stories.', 'Humorous fiction.']"
810,https://lccn.loc.gov/2020002353,9780399178955,['Love stories.']
811,https://lccn.loc.gov/2018051135,9781524798628,[]
812,https://lccn.loc.gov/2017051032,9781250105639,"['Suspense fiction.', 'Mystery fiction.']"
813,https://lccn.loc.gov/2014008538,9781250049377,['Love stories']
814,https://lccn.loc.gov/2019027224,9780593098684,['Suspense fiction.']
815,https://lccn.loc.gov/2018051134,9780525619246,[]
816,https://lccn.loc.gov/2013019840,9781455574032,['Domestic fiction.']
817,https://lccn.loc.gov/2018000188,9780399180163,"['Suspense fiction.', 'Horror fiction.']"
818,https://lccn.loc.gov/2014040459,9780553418774,"['Psychological fiction.', 'Love stories.']"
819,https://lccn.loc.gov/2020009020,9780358181798,"['Fantasy fiction.', 'Mystery fiction.']"
820,https://lccn.loc.gov/2015010374,9780062390547,"['Domestic fiction.', 'Mystery fiction.']"
821,https://lccn.loc.gov/2016043934,9781616206888,[]
822,https://lccn.loc.gov/2020040938,9780593200124,['Love stories.']
823,https://lccn.loc.gov/2020037496,9781250241702,['Mystery fiction.']
824,https://lccn.loc.gov/2019007450,9780525620754,['Fantasy fiction.']
825,https://lccn.loc.gov/2016011345,9781101885932,['Fantasy fiction.']
826,https://lccn.loc.gov/2019045515,9780525510437,['Love stories.']
827,https://lccn.loc.gov/2014002205,9780393089578,['Love stories.']
828,https://lccn.loc.gov/2016059400,9780374203108,[]
829,https://lccn.loc.gov/2016025629,9780812998269,"['Humorous fiction.', 'Love stories.']"
830,https://lccn.loc.gov/2015045285,9780062200655,[]
831,https://lccn.loc.gov/2019014449,9780385544818,['Suspense fiction.']
832,https://lccn.loc.gov/2018008381,9781451649390,[]
833,https://lccn.loc.gov/2015039411,9781101947135,[]
834,https://lccn.loc.gov/2016007713,9781501132933,"['Psychological fiction.', 'Suspense fiction.', 'Mystery fiction.']"
835,https://lccn.loc.gov/2018005082,9780399178924,['Domestic fiction.']
836,https://lccn.loc.gov/2014031015,9780345539816,"['Dystopias.', 'Science fiction.']"
837,https://lccn.loc.gov/2019011748,9780698408326,['Love stories.']
838,https://lccn.loc.gov/2018022167,9780735224629,"['Suspense fiction.', 'Mystery fiction.']"
839,https://lccn.loc.gov/2014007793,9780061957956,"['Occult fiction.', 'Fantasy fiction.']"
840,https://lccn.loc.gov/2015012541,9780345544049,"['Mystery fiction.', 'Suspense fiction.']"
841,https://lccn.loc.gov/2019457518,9780062878090,"['Chick lit.', 'Romance fiction.', 'Love stories.', 'Romance fiction.']"
842,https://lccn.loc.gov/2017028870,9781627792769,[]
843,https://lccn.loc.gov/2015005077,9781501112317,"['Psychological fiction.', 'Suspense fiction.']"
844,https://lccn.loc.gov/2013028907,9780316055437,"['Bildungsromans.', 'Suspense fiction.']"
845,https://lccn.loc.gov/2018288570,9781476717807,"['Fictional Works.', 'Domestic fiction.', 'Fiction.', 'Domestic fiction.', 'Domestic fiction.', 'Domestic fiction.']"
846,https://lccn.loc.gov/2016032022,9781101988299,['Suspense fiction.']
847,https://lccn.loc.gov/2013016761,9781616953041,[]
848,https://lccn.loc.gov/2018023513,9781984853752,[]
849,https://lccn.loc.gov/2020275372,9781635572582,"['FICTION / Literary.', 'Fiction', 'Psychological fiction.', 'Fiction.', 'Psychological fiction.', 'Suspense fiction.', 'Psychological fiction.']"
850,https://lccn.loc.gov/2013034429,9781451655094,['Cookbooks.']
851,https://lccn.loc.gov/2020019053,9781524796419,[]
852,https://lccn.loc.gov/2019027223,9780593098660,['Suspense fiction.']
853,https://lccn.loc.gov/2020012255,9780593101902,['Love stories.']
854,https://lccn.loc.gov/2014020972,9780385539043,"['Biographical fiction.', 'Love stories.', 'Historical fiction.']"
855,https://lccn.loc.gov/2020286634,9780062931092,"['Romance fiction.', 'Novels.', 'Historical fiction.', 'Fiction.', 'Historical fiction.', 'Historical fiction.', 'Romance fiction.', 'Novels.']"
856,https://lccn.loc.gov/2015011712,9780143128489,"['Psychological fiction.', 'Humorous fiction.']"
857,https://lccn.loc.gov/2018014770,9781501170089,"['Historical fiction', 'War stories']"
858,https://lccn.loc.gov/2019457451,9781476740195,[]
859,https://lccn.loc.gov/2019012345,9781984806376,['Fantasy fiction.']
860,https://lccn.loc.gov/2019030465,9781984878625,[]
861,https://lccn.loc.gov/2017059419,9781250086082,"['Domestic fiction.', 'Humorous fiction.']"
862,https://lccn.loc.gov/2019051637,9781984819888,['HIstorical fiction.']
863,https://lccn.loc.gov/2016058762,9780062663726,[]
864,https://lccn.loc.gov/2020042042,9781250268822,['Suspense fiction.']
865,https://lccn.loc.gov/2020007177,9781492682721,['Mystery fiction.']
866,https://lccn.loc.gov/2020038238,9781250772800,['Science fiction.']
867,https://lccn.loc.gov/2016016719,9781492635826,[]
868,https://lccn.loc.gov/2017029542,9780451489111,"['Domestic fiction.', 'Suspense fiction.']"
869,https://lccn.loc.gov/2020025761,9780593198629,['Love stories.']
870,https://lccn.loc.gov/2015472648,9780062282569,['Historical fiction.']
871,https://lccn.loc.gov/2017032577,9781492657965,['Mystery fiction.']
872,https://lccn.loc.gov/2018042961,9780385537070,['Historical fiction.']
873,https://lccn.loc.gov/2017013661,9780062686664,"['Psychological fiction.', 'Suspense fiction.', 'Mystery fiction.']"
874,https://lccn.loc.gov/2015045500,9780804177900,"['Mystery fiction.', 'Suspense fiction.']"
875,https://lccn.loc.gov/2013045639,9780547792774,['Mystery fiction.']
876,https://lccn.loc.gov/2014027470,9780385523233,[]
877,https://lccn.loc.gov/2014956789,9780316212243,"['Fiction.', 'Fantasy fiction.']"
878,https://lccn.loc.gov/2017057855,9780451488411,"['Domestic fiction.', 'Mystery fiction.']"
879,https://lccn.loc.gov/2015298920,9781451686630,"['Suspense fiction', 'Fiction.', 'Suspense fiction.', 'Thrillers (Fiction)']"
880,https://lccn.loc.gov/2017943545,9781501156007,"['Thrillers (Fiction.)', 'Suspense fiction.', 'Psychological fiction.', 'Suspense fiction.', 'Thrillers (Fiction)', 'Psychological fiction.']"
881,https://lccn.loc.gov/2013005713,9780316218955,['Science fiction.']
882,https://lccn.loc.gov/2015019630,9780812998689,"['Mystery fiction.', 'Fantasy fiction.']"
883,https://lccn.loc.gov/2015034457,9780062413864,"['Psychological fiction.', 'Suspense fiction.']"
884,https://lccn.loc.gov/2020008257,9781982123956,"['Christmas stories.', 'Love stories.']"
885,https://lccn.loc.gov/2020009944,9780593100813,['Love stories.']
886,https://lccn.loc.gov/2019299393,9781524759780,"['Suspense fiction.', 'Science fiction.', 'Thrillers (Fiction)', 'Science fiction.', 'Novels.']"
887,https://lccn.loc.gov/2019009003,9781594634734,['Love stories.']
888,https://lccn.loc.gov/2019043283,9780451490766,['Mystery fiction.']
889,https://lccn.loc.gov/2018046444,9780358023937,[]
890,https://lccn.loc.gov/2019036420,9781250236609,"['Science fiction.', 'Love stories.']"
891,https://lccn.loc.gov/2016299973,9780670026333,"['Mystery fiction.', 'Detective and mystery fiction.', 'Thrillers (Fiction)']"
892,https://lccn.loc.gov/2018048595,9781101990513,"['Psychological fiction.', 'Suspense fiction.']"
893,https://lccn.loc.gov/2016047564,9781400069903,[]
894,https://lccn.loc.gov/2015013780,9780393239294,"['Mystery fiction.', 'Historical fiction.']"
895,https://lccn.loc.gov/2013030359,9780062291400,"['Mystery fiction.', 'Suspense fiction.']"
896,https://lccn.loc.gov/2020013948,9780062667656,[]
897,https://lccn.loc.gov/2019024240,9780451492470,['Mystery fiction.']
898,https://lccn.loc.gov/2014028437,9780062224101,[]
899,https://lccn.loc.gov/2016006511,9780399169496,"['Romantic suspense fiction.', 'Black humor (Literature)', 'Mystery fiction.']"
900,https://lccn.loc.gov/2020012273,9781534437678,['Fantasy fiction.']
901,https://lccn.loc.gov/2019012407,9780385539302,[]
902,https://lccn.loc.gov/2016032066,9781501139239,[]
903,https://lccn.loc.gov/2019285075,9781250195524,"['Fantasy fiction', 'Fantasy fiction.', 'Fantasy fiction.']"
904,https://lccn.loc.gov/2018030148,9781250202444,['Psychological fiction.']
905,https://lccn.loc.gov/2018004285,9780451492678,['Mystery fiction.']
906,https://lccn.loc.gov/2019299929,9781681777665,"['Time-travel fiction.', 'History.', 'Historical fiction.', 'Detective and mystery fiction.', 'Fantasy fiction.', 'Fiction.', 'Mystery fiction.', 'Regency fiction.', 'Time-travel fiction.', 'Detective and mystery fiction.', 'Historical fiction.', 'Fantasy fiction.']"
907,https://lccn.loc.gov/2014044573,9781492602026,['Romantic suspense fiction.']
908,https://lccn.loc.gov/2020034643,9781951142247,['Mystery fiction.']
909,https://lccn.loc.gov/2017047079,9780812996067,['Domestic fiction.']
910,https://lccn.loc.gov/2018032018,9781524747800,['Mystery fiction.']
911,https://lccn.loc.gov/2019014647,9781524742904,[]
912,https://lccn.loc.gov/2014048573,9781631490477,[]
913,https://lccn.loc.gov/2014049047,9781455557103,['Love stories.']
914,https://lccn.loc.gov/2014023349,9780399172779,['Bildungsromans.']
915,https://lccn.loc.gov/2018024190,9781501165863,['Love stories.']
916,https://lccn.loc.gov/2019286771,9781984823793,"['Dystopian fiction.', 'Fiction.', 'Science fiction.', 'Thrillers (Fiction)', 'Suspense fiction.', 'Thrillers (Fiction)', 'Dystopian fiction.', 'Science fiction.']"
917,https://lccn.loc.gov/2015028338,9781501116971,['Love stories.']
918,https://lccn.loc.gov/2019014381,9780593099131,['Suspense fiction.']
919,https://lccn.loc.gov/2020008256,9781982123949,"['Christmas stories.', 'Love stories.']"
920,https://lccn.loc.gov/2015047026,9781501142536,[]
921,https://lccn.loc.gov/2020040176,9781250178602,"['Historical fiction.', 'Novels.']"
922,https://lccn.loc.gov/2019019798,9781984805171,"['Suspense fiction.', 'Mystery fiction.']"
923,https://lccn.loc.gov/2019052279,9780593102527,['Love stories.']
924,https://lccn.loc.gov/2013032859,9781250041197,['Suspense fiction.']
925,https://lccn.loc.gov/2016022953,9780345540676,['Science fiction.']
926,https://lccn.loc.gov/2016003605,9781101965085,"['Psychological fiction.', 'Suspense fiction.']"
927,https://lccn.loc.gov/2019039844,9780525658184,[]
928,https://lccn.loc.gov/2019006240,9781984806093,['Love stories.']
929,https://lccn.loc.gov/2013048524,9780143127505,['Love stories.']
930,https://lccn.loc.gov/2013013217,9780679643753,[]
931,https://lccn.loc.gov/2013041010,9780307700315,"['Domestic fiction.', 'Historical fiction.']"
932,https://lccn.loc.gov/2016017668,9780735221086,"['Domestic fiction.', 'Suspense fiction.', 'Mystery fiction.']"
933,https://lccn.loc.gov/2015004143,9780765376459,"['Fantasy fiction.', 'Science fiction.']"
934,https://lccn.loc.gov/2016036564,9780399574634,[]
935,https://lccn.loc.gov/2016295849,9780062083456,"['Legal stories.', 'Detective and mystery fiction', 'Fiction.', 'Mystery fiction.', 'Detective and mystery fiction.', 'Legal stories.', 'Mystery fiction.']"
936,https://lccn.loc.gov/2018295054,9780062271631,"['Detective and mystery fiction.', 'Fiction.', 'Mystery fiction.', 'Detective and mystery fiction.', 'Mystery fiction.', 'Detective and mystery fiction.']"
937,https://lccn.loc.gov/2017001076,9780735214316,['Dystopias.']
938,https://lccn.loc.gov/2013027386,9781451627930,"['Love stories.', 'Mystery fiction.']"
939,https://lccn.loc.gov/2016057843,9780735220683,"['Psychological fiction.', 'Love stories.']"
940,https://lccn.loc.gov/2016006913,9780345539960,['Mystery fiction.']
941,https://lccn.loc.gov/2013018473,9780765332066,['Fantasy fiction.']
942,https://lccn.loc.gov/2020008102,9780593128480,['Fantasy fiction.']
943,https://lccn.loc.gov/2020022072,9780451492180,[]
944,https://lccn.loc.gov/2019048698,9781250149442,"['Mystery fiction.', 'Suspense fiction.']"
945,https://lccn.loc.gov/2017002312,9780062678416,['Suspense fiction.']
946,https://lccn.loc.gov/2020015958,9781727822905,['Biographical fiction.']
947,https://lccn.loc.gov/2019035018,9781250237279,['Domestic fiction.']
948,https://lccn.loc.gov/2018938068,9781626728080,"['Graphic novels.', 'Comic books, strips, etc.', 'Graphic novels.', 'Graphic novels.', 'Comics (Graphic works)', 'Autobiographical comics.']"
949,https://lccn.loc.gov/2016034658,9780399585012,"['Psychological fiction.', 'Suspence fiction.']"
950,https://lccn.loc.gov/2018006362,9780544808256,"['Domestic fiction.', 'Jewish fiction.', 'Humorous stories.', 'Love stories.']"
951,https://lccn.loc.gov/2020015901,9781984805409,"['Love stories.', 'Humorous fiction.']"
952,https://lccn.loc.gov/2017478674,9780062685346,"['Domestic fiction.', 'Biographical fiction.', 'Domestic fiction.', 'Fiction.', 'Historical fiction.', 'Biographical fiction.', 'Historical fiction.', 'Domestic fiction.', 'Biographical fiction.', 'Historical fiction.', 'Biographical fiction.', 'Historical fiction.']"
953,https://lccn.loc.gov/2013004959,9781594486432,"['Psychological fiction.', 'Historical fiction']"
954,https://lccn.loc.gov/2017025692,9781250124029,['Historical fiction.']
955,https://lccn.loc.gov/2015035435,9781250074539,['Mystery fiction.']
956,https://lccn.loc.gov/2017043200,9780525521228,[]
957,https://lccn.loc.gov/2015048796,9781101875612,"['Political fiction.', 'Domestic fiction.', 'Humorous fiction.']"
958,https://lccn.loc.gov/2013027740,9780770436858,['Bildungsromans.']
959,https://lccn.loc.gov/2015027778,9781400068326,['Love stories.']
960,https://lccn.loc.gov/2014381510,0062132520 (h,['Domestic fiction.']
961,https://lccn.loc.gov/2015040248,9780143108573,"['Psychological fiction.', 'Suspense fiction.']"
962,https://lccn.loc.gov/2020019320,9780063000148,"['Psychological fiction.', 'Domestic fiction.', 'Suspense fiction.']"
963,https://lccn.loc.gov/2019030464,9781984878618,[]
964,https://lccn.loc.gov/2013043144,9781616203214,[]
965,https://lccn.loc.gov/2016004630,9780544527959,"['Mystery fiction.', 'Suspense fiction.']"
966,https://lccn.loc.gov/2017007162,9781476789323,[]
967,https://lccn.loc.gov/2014008043,9781250045638,"['Romantic suspense fiction.', 'Occult fiction.']"
968,https://lccn.loc.gov/2018029158,9781250137661,[]
969,https://lccn.loc.gov/2020018851,9781982151591,[]
970,https://lccn.loc.gov/2020052786,9780440001591,['Fantasy fiction.']
971,https://lccn.loc.gov/2014049330,9780062282569,"['Historical fiction.', 'Suspense fiction.', 'Mystery fiction.']"
972,https://lccn.loc.gov/2017030582,9781616201340,[]
973,https://lccn.loc.gov/2017000682,9781524741990,[]
974,https://lccn.loc.gov/2015007629,9781101875049,[]
975,https://lccn.loc.gov/2016478485,9780062225559,"['Domestic fiction.', 'Autobiographical fiction.']"
976,https://lccn.loc.gov/2020028408,9781250273017,"['Legal stories.', 'Suspense fiction.']"
977,https://lccn.loc.gov/2013013622,9780312655471,['Mystery fiction.']
978,https://lccn.loc.gov/2020011543,9780316422048,['Fantasy fiction.']
979,https://lccn.loc.gov/2020032206,9780735224650,['Mystery fiction.']
980,https://lccn.loc.gov/2018056036,9781501133480,[]
981,https://lccn.loc.gov/2018029126,9781250133731,"['Psychological fiction.', 'Suspense fiction.']"
982,https://lccn.loc.gov/2014047742,9781501105432,['Domestic fiction.']
983,https://lccn.loc.gov/2019009375,9781524744595,['Historical fiction']
984,https://lccn.loc.gov/2018010911,9781501170065,"['Historical fiction', 'War stories']"
985,https://lccn.loc.gov/2016941646,9780316403436,['Humorous fiction.']
986,https://lccn.loc.gov/2020021867,9781250313201,['Fantasy fiction.']
987,https://lccn.loc.gov/2020016134,9781984806147,['Love stories.']
988,https://lccn.loc.gov/2017006246,9781101946152,[]
989,https://lccn.loc.gov/2020010738,9781250219688,['Suspense fiction.']
990,https://lccn.loc.gov/2016053641,9780735213180,['Domestic fiction.']
991,https://lccn.loc.gov/2016037245,9780062654199,"['Historical fiction.', 'War stories.', 'Spy stories.']"
992,https://lccn.loc.gov/2014044802,9780062339485,"['Psychological fiction.', 'Suspense fiction']"
993,https://lccn.loc.gov/2015013565,9781594634475,"['Domestic fiction.', 'Love stories.']"
994,https://lccn.loc.gov/2016655639,9780399563089,"['Jewish fiction.', 'Biographical fiction.', 'Historical fiction.']"
995,https://lccn.loc.gov/2013029153,9780385533508,"['Sea Stories.', 'Historical fiction.']"
996,https://lccn.loc.gov/2020275791,9780063004351,"['Chick lit.', 'Fiction.', 'Chick lit.', 'Humorous fiction.', 'Romance fiction.', 'Love stories.', 'Romance fiction.', 'Humorous fiction.']"
997,https://lccn.loc.gov/2018061687,9781942658702,[]
998,https://lccn.loc.gov/2019051879,9781250248732,['Historical fiction.']
999,https://lccn.loc.gov/2020004610,9780399590917,"['Alternative histories (Fiction).', 'Biographical fiction.']"
1000,https://lccn.loc.gov/2020288907,9781984821348,"['Psychological fiction.', 'Fiction.', 'Psychological fiction.', 'Thrillers (Fiction)', 'Suspense fiction.', 'Psychological fiction.', 'Thrillers (Fiction)']"
1001,https://lccn.loc.gov/2020040939,9780593200131,['Love stories.']
1002,https://lccn.loc.gov/2016042032,9780553391961,['Love stories.']
